{"cameraMode":{"drawMode":0,"name":"Shaded","section":"Shading Mode"},"sceneLighting":true,"audioPlay":false,"sceneViewState":{"showFog":true,"showMaterialUpdate":false,"showSkybox":true,"showFlares":true,"showImageEffects":true,"showParticleSystems":true},"in2DMode":false,"pivot":{"x":872.5269775390625,"y":533.9706420898438,"z":32.46484375},"rotation":{"x":0.038387399166822436,"y":0.01199527271091938,"z":-0.0004794509441126138,"w":0.9992206692695618},"size":1134.29296875,"orthographic":false}