{"cameraMode":{"drawMode":0,"name":"Shaded","section":"Shading Mode"},"sceneLighting":true,"audioPlay":false,"sceneViewState":{"showFog":true,"showMaterialUpdate":false,"showSkybox":false,"showFlares":true,"showImageEffects":true,"showParticleSystems":true},"in2DMode":false,"pivot":{"x":-326.27850341796877,"y":87.60585021972656,"z":-40.18243408203125},"rotation":{"x":0.4089500904083252,"y":0.12259580194950104,"z":-0.055583685636520389,"w":0.9026445150375366},"size":1112.8529052734375,"orthographic":false}