{"cameraMode":{"drawMode":0,"name":"Shaded","section":"Shading Mode"},"sceneLighting":false,"audioPlay":false,"sceneViewState":{"showFog":true,"showMaterialUpdate":false,"showSkybox":false,"showFlares":true,"showImageEffects":true,"showParticleSystems":true},"in2DMode":false,"pivot":{"x":-30.462053298950197,"y":16.2723331451416,"z":-38.14699935913086},"rotation":{"x":-0.18033680319786073,"y":0.6825227737426758,"z":-0.18052522838115693,"w":-0.6850268244743347},"size":167.73440551757813,"orthographic":false}