{"cameraMode":{"drawMode":0,"name":"Shaded","section":"Shading Mode"},"sceneLighting":false,"audioPlay":false,"sceneViewState":{"showFog":true,"showMaterialUpdate":true,"showSkybox":true,"showFlares":true,"showImageEffects":true,"showParticleSystems":true},"in2DMode":false,"pivot":{"x":533.9247436523438,"y":357.7386474609375,"z":-198.02224731445313},"rotation":{"x":0.05584356561303139,"y":0.0018353485502302647,"z":0.0052695507183671,"w":0.9994370937347412},"size":329.6356201171875,"orthographic":false}