{"cameraMode":{"drawMode":0,"name":"Shaded","section":"Shading Mode"},"sceneLighting":false,"audioPlay":false,"sceneViewState":{"showFog":true,"showMaterialUpdate":true,"showSkybox":true,"showFlares":true,"showImageEffects":true,"showParticleSystems":true},"in2DMode":false,"pivot":{"x":-38.500518798828128,"y":2.672295331954956,"z":-55.44843673706055},"rotation":{"x":-0.07139214873313904,"y":-0.6497066020965576,"z":0.04393903911113739,"w":-0.7571910619735718},"size":4.964661598205566,"orthographic":false}