{"cameraMode":{"drawMode":0,"name":"Shaded","section":"Shading Mode"},"sceneLighting":true,"audioPlay":false,"sceneViewState":{"showFog":true,"showMaterialUpdate":true,"showSkybox":true,"showFlares":true,"showImageEffects":true,"showParticleSystems":true},"in2DMode":false,"pivot":{"x":1.2000000476837159,"y":3.207714080810547,"z":-0.078000009059906},"rotation":{"x":0.04459904879331589,"y":0.405778706073761,"z":-0.018653934821486474,"w":0.9135783314704895},"size":15.058794021606446,"orthographic":false}