{"cameraMode":{"drawMode":0,"name":"Shaded","section":"Shading Mode"},"sceneLighting":true,"audioPlay":false,"sceneViewState":{"showFog":true,"showMaterialUpdate":true,"showSkybox":true,"showFlares":true,"showImageEffects":true,"showParticleSystems":true},"in2DMode":false,"pivot":{"x":500.98602294921877,"y":294.23052978515627,"z":-140.9839630126953},"rotation":{"x":0.07646963745355606,"y":0.08275514096021652,"z":-0.006368875037878752,"w":0.9936134219169617},"size":440.5740966796875,"orthographic":false}