{"cameraMode":{"drawMode":0,"name":"Shaded","section":"Shading Mode"},"sceneLighting":false,"audioPlay":false,"sceneViewState":{"showFog":true,"showMaterialUpdate":true,"showSkybox":true,"showFlares":true,"showImageEffects":true,"showParticleSystems":true},"in2DMode":false,"pivot":{"x":4.894052982330322,"y":-12.686197280883789,"z":-7.100799560546875},"rotation":{"x":-0.413703978061676,"y":-0.5541234016418457,"z":0.3574713468551636,"w":-0.6293221116065979},"size":34.21485900878906,"orthographic":false}