{"cameraMode":{"drawMode":0,"name":"Shaded","section":"Shading Mode"},"sceneLighting":true,"audioPlay":false,"sceneViewState":{"showFog":true,"showMaterialUpdate":true,"showSkybox":true,"showFlares":true,"showImageEffects":true,"showParticleSystems":true},"in2DMode":false,"pivot":{"x":-54.293304443359378,"y":-105.46923828125,"z":58.844879150390628},"rotation":{"x":0.44926244020462038,"y":0.006405464373528957,"z":0.010553102008998394,"w":0.8947862982749939},"size":381.7577819824219,"orthographic":false}