{"cameraMode":{"drawMode":0,"name":"Shaded","section":"Shading Mode"},"sceneLighting":true,"audioPlay":false,"sceneViewState":{"showFog":true,"showMaterialUpdate":true,"showSkybox":true,"showFlares":true,"showImageEffects":true,"showParticleSystems":true},"in2DMode":false,"pivot":{"x":-6.954843521118164,"y":1.5824940204620362,"z":4.430283069610596},"rotation":{"x":0.279287725687027,"y":0.66475909948349,"z":-0.29789987206459048,"w":0.6267592906951904},"size":29.078519821166993,"orthographic":false}