{"cameraMode":{"drawMode":0,"name":"Shaded","section":"Shading Mode"},"sceneLighting":false,"audioPlay":false,"sceneViewState":{"showFog":true,"showMaterialUpdate":true,"showSkybox":true,"showFlares":true,"showImageEffects":true,"showParticleSystems":true},"in2DMode":false,"pivot":{"x":761.820068359375,"y":505.9776306152344,"z":-98.9134521484375},"rotation":{"x":-0.046859484165906909,"y":-0.0020472658798098566,"z":-0.008678913116455078,"w":-1.0000256299972535},"size":751.9827880859375,"orthographic":false}