{"cameraMode":{"drawMode":0,"name":"Shaded","section":"Shading Mode"},"sceneLighting":true,"audioPlay":false,"sceneViewState":{"showFog":true,"showMaterialUpdate":true,"showSkybox":true,"showFlares":true,"showImageEffects":true,"showParticleSystems":true},"in2DMode":false,"pivot":{"x":48.624656677246097,"y":-27.38918685913086,"z":7.315626621246338},"rotation":{"x":0.20476001501083375,"y":0.7445309162139893,"z":-0.25915414094924929,"w":0.5815849304199219},"size":106.86132049560547,"orthographic":false}