{"cameraMode":{"drawMode":0,"name":"Shaded","section":"Shading Mode"},"sceneLighting":true,"audioPlay":false,"sceneViewState":{"showFog":true,"showMaterialUpdate":true,"showSkybox":true,"showFlares":true,"showImageEffects":true,"showParticleSystems":true},"in2DMode":false,"pivot":{"x":658.48974609375,"y":402.53717041015627,"z":-170.05482482910157},"rotation":{"x":0.02298560179769993,"y":0.011957580223679543,"z":0.01332817692309618,"w":1.0009738206863404},"size":626.2468872070313,"orthographic":false}