{"cameraMode":{"drawMode":0,"name":"Shaded","section":"Shading Mode"},"sceneLighting":false,"audioPlay":false,"sceneViewState":{"showFog":true,"showMaterialUpdate":true,"showSkybox":true,"showFlares":true,"showImageEffects":true,"showParticleSystems":true},"in2DMode":false,"pivot":{"x":492.0010681152344,"y":304.17840576171877,"z":-50.287200927734378},"rotation":{"x":0.027421601116657258,"y":0.012803539633750916,"z":0.006774976849555969,"w":1.0006123781204224},"size":381.29681396484377,"orthographic":false}