{"cameraMode":{"drawMode":0,"name":"Shaded","section":"Shading Mode"},"sceneLighting":true,"audioPlay":false,"sceneViewState":{"showFog":true,"showMaterialUpdate":true,"showSkybox":true,"showFlares":true,"showImageEffects":true,"showParticleSystems":true},"in2DMode":false,"pivot":{"x":339.58380126953127,"y":-177.09149169921876,"z":158.01258850097657},"rotation":{"x":0.1981668770313263,"y":0.47506672143936159,"z":-0.10673180967569351,"w":0.8516577482223511},"size":501.3846740722656,"orthographic":false}