{"cameraMode":{"drawMode":0,"name":"Shaded","section":"Shading Mode"},"sceneLighting":false,"audioPlay":false,"sceneViewState":{"showFog":true,"showMaterialUpdate":true,"showSkybox":true,"showFlares":true,"showImageEffects":true,"showParticleSystems":true},"in2DMode":false,"pivot":{"x":-72.66287994384766,"y":-6.191565990447998,"z":-2.475738048553467},"rotation":{"x":0.2981625199317932,"y":-0.44199347496032717,"z":0.17006202042102815,"w":0.8302865028381348},"size":89.90861511230469,"orthographic":false}