{"cameraMode":{"drawMode":0,"name":"Shaded","section":"Shading Mode"},"sceneLighting":true,"audioPlay":false,"sceneViewState":{"showFog":true,"showMaterialUpdate":true,"showSkybox":true,"showFlares":true,"showImageEffects":true,"showParticleSystems":true},"in2DMode":false,"pivot":{"x":-62.37827682495117,"y":162.85040283203126,"z":219.00576782226563},"rotation":{"x":-0.01743440143764019,"y":0.02041727676987648,"z":0.014067019335925579,"w":1.0009437799453736},"size":348.66717529296877,"orthographic":false}