{"cameraMode":{"drawMode":0,"name":"Shaded","section":"Shading Mode"},"sceneLighting":false,"audioPlay":false,"sceneViewState":{"showFog":true,"showMaterialUpdate":true,"showSkybox":true,"showFlares":true,"showImageEffects":true,"showParticleSystems":true},"in2DMode":false,"pivot":{"x":-30.219135284423829,"y":10.895256042480469,"z":-10.795021057128907},"rotation":{"x":-0.3063061833381653,"y":-0.1347924768924713,"z":0.030654998496174814,"w":-0.9431512951850891},"size":216.74642944335938,"orthographic":false}