{"cameraMode":{"drawMode":0,"name":"Shaded","section":"Shading Mode"},"sceneLighting":true,"audioPlay":false,"sceneViewState":{"showFog":true,"showMaterialUpdate":true,"showSkybox":true,"showFlares":true,"showImageEffects":true,"showParticleSystems":true},"in2DMode":false,"pivot":{"x":124.9752197265625,"y":-30.089035034179689,"z":151.2414093017578},"rotation":{"x":0.2895534932613373,"y":0.709322452545166,"z":-0.44703593850135805,"w":0.4630238711833954},"size":138.68783569335938,"orthographic":false}