{"cameraMode":{"drawMode":0,"name":"Shaded","section":"Shading Mode"},"sceneLighting":true,"audioPlay":false,"sceneViewState":{"showFog":true,"showMaterialUpdate":true,"showSkybox":true,"showFlares":true,"showImageEffects":true,"showParticleSystems":true},"in2DMode":false,"pivot":{"x":22.991191864013673,"y":0.3101435601711273,"z":-17.26613998413086},"rotation":{"x":0.11739099025726319,"y":0.4453488290309906,"z":-0.05382192134857178,"w":0.8869814872741699},"size":75.17886352539063,"orthographic":false}