{"cameraMode":{"drawMode":0,"name":"Shaded","section":"Shading Mode"},"sceneLighting":true,"audioPlay":false,"sceneViewState":{"showFog":true,"showMaterialUpdate":true,"showSkybox":true,"showFlares":true,"showImageEffects":true,"showParticleSystems":true},"in2DMode":false,"pivot":{"x":6.43596887588501,"y":2.0321476459503176,"z":0.469818115234375},"rotation":{"x":-0.10387511551380158,"y":-0.890812337398529,"z":0.2507915496826172,"w":-0.36523663997650149},"size":4.3787102699279789,"orthographic":false}