{"cameraMode":{"drawMode":0,"name":"Shaded","section":"Shading Mode"},"sceneLighting":false,"audioPlay":false,"sceneViewState":{"showFog":true,"showMaterialUpdate":true,"showSkybox":true,"showFlares":true,"showImageEffects":true,"showParticleSystems":true},"in2DMode":false,"pivot":{"x":520.0885009765625,"y":312.0452575683594,"z":-98.875},"rotation":{"x":-0.046859484165906909,"y":-0.0020472658798098566,"z":-0.008678913116455078,"w":-1.0000256299972535},"size":751.9827880859375,"orthographic":false}