{"cameraMode":{"drawMode":0,"name":"Shaded","section":"Shading Mode"},"sceneLighting":true,"audioPlay":false,"sceneViewState":{"showFog":true,"showMaterialUpdate":true,"showSkybox":true,"showFlares":true,"showImageEffects":true,"showParticleSystems":true},"in2DMode":false,"pivot":{"x":488.99920654296877,"y":502.33331298828127,"z":0.0},"rotation":{"x":0.07050373405218125,"y":-0.021861720830202104,"z":0.01527310349047184,"w":0.9985597133636475},"size":940.8439331054688,"orthographic":false}