{"cameraMode":{"drawMode":0,"name":"Shaded","section":"Shading Mode"},"sceneLighting":true,"audioPlay":false,"sceneViewState":{"showFog":true,"showMaterialUpdate":true,"showSkybox":true,"showFlares":true,"showImageEffects":true,"showParticleSystems":true},"in2DMode":false,"pivot":{"x":520.5775146484375,"y":342.97454833984377,"z":-9.1737060546875},"rotation":{"x":0.03361170366406441,"y":0.0211027804762125,"z":0.012897226959466935,"w":1.0005264282226563},"size":751.5392456054688,"orthographic":false}